Pclass,mean_fare,survival_rate
1,84.1546875,0.6296296296296297
2,20.662183152173913,0.47282608695652173
3,13.675550101832993,0.24236252545824846
